recip.220.WT.OB1.D7	recip.290.ASO.OB2.D1	recip.389.WT.HC2.D21	recip.391.ASO.PD2.D14	recip.391.ASO.PD2.D21	recip.391.ASO.PD2.D7	recip.400.ASO.HC2.D14	recip.401.ASO.HC2.D7	recip.403.ASO.PD2.D21	recip.411.ASO.HC2.D14	recip.411.ASO.HC2.D21	recip.411.ASO.HC2.D49	recip.412.ASO.HC2.D14	recip.412.ASO.HC2.D7	recip.413.WT.HC2.D7	recip.456.ASO.HC3.D49	recip.458.ASO.HC3.D21	recip.458.ASO.HC3.D49	recip.459.WT.HC3.D14	recip.459.WT.HC3.D21	recip.459.WT.HC3.D49	recip.460.WT.HC3.D14	recip.460.WT.HC3.D21	recip.460.WT.HC3.D49	recip.460.WT.HC3.D7	recip.461.ASO.HC3.D21	recip.461.ASO.HC3.D49	recip.461.ASO.HC3.D7	recip.462.WT.PD3.D14	recip.462.WT.PD3.D21	recip.462.WT.PD3.D49	recip.462.WT.PD3.D7	recip.463.WT.PD3.D14	recip.463.WT.PD3.D21	recip.463.WT.PD3.D7	recip.464.WT.PD3.D14	recip.465.ASO.PD3.D14	recip.465.ASO.PD3.D7	recip.466.ASO.PD3.D7	recip.467.WT.HC3.D49.a	recip.467.WT.HC3.D49.b	recip.536.ASO.PD4.D49	recip.537.WT.PD4.D21	recip.538.WT.PD4.D21	recip.539.ASO.PD4.D14	recip.539.ASO.PD4.D7	recip.540.ASO.HC4.D14	recip.540.ASO.HC4.D7
04c8be5a3a6ba2d70446812e99318905	64	116	324	215	326	79	226	150	280	323	376	182	519	191	674	121	47	125	1070	221	1085	148	257	0	233	1108	584	174	870	940	929	869	598	1092	414	643	1058	632	744	179	1217	1109	737	819	622	456	1044	860
ea2b0e4a93c24c6c3661cbe347f93b74	287	346	551	402	370	315	312	485	370	483	587	411	319	517	344	138	148	453	371	473	357	128	512	0	443	821	302	333	888	779	271	1280	526	484	937	792	584	902	333	384	458	354	773	510	963	744	570	785
1ad289cd8f44e109fd95de0382c5b252	57	351	173	304	235	54	254	85	297	166	141	22	271	83	195	23	293	197	340	495	345	110	904	0	296	457	383	179	397	376	1417	102	236	1535	105	20	1067	380	1579	21	455	481	966	792	1278	284	568	43
3d9838f12f6ff5591dbadeb427a855f1	302	718	804	418	736	643	646	375	686	602	547	620	429	643	34	582	922	782	0	687	0	261	0	0	1164	0	0	1232	0	0	0	0	0	0	0	0	0	0	0	578	0	0	0	0	0	0	0	0
ac5402de1ddf427ab8d2b0a8a0a44f19	847	501	524	429	464	587	412	321	570	143	801	132	221	90	0	485	788	483	0	612	0	142	0	0	77	443	155	133	0	305	0	0	710	0	146	223	0	312	0	133	0	443	0	438	0	0	748	446
e5a43b018c81cedd19e9a5354d32d469	0	0	0	0	0	0	0	0	0	0	0	0	0	0	0	0	0	0	167	0	140	0	457	0	0	155	165	0	352	256	389	98	604	558	315	968	613	346	807	0	231	460	510	300	656	885	440	326
c4f9ef34bd2919511069f409c25de6f1	0	0	356	390	420	196	434	601	0	525	0	390	639	824	1019	0	61	0	0	0	0	0	0	14	381	0	0	377	0	0	0	0	0	0	0	0	0	0	0	327	0	0	0	0	0	0	0	0
74ec9fe6ffab4ecff6d5def74298a825	11	27	76	244	100	184	23	100	0	393	31	103	267	264	317	31	35	32	191	44	204	49	40	0	215	0	77	130	0	38	10	161	18	20	294	246	16	443	0	152	52	117	0	29	0	36	53	320
0f4cadbeaa245b98e599c6d662ae9c19	0	0	0	0	0	0	0	0	0	0	0	0	0	0	0	0	0	0	133	0	138	0	202	0	0	318	0	0	326	314	87	523	207	181	353	273	229	357	102	0	45	122	0	230	116	190	196	316
b47e999a38113e0e4e2b139e8b861fdd	99	161	259	162	180	77	97	220	64	127	310	406	307	119	96	191	164	155	0	85	0	72	0	0	173	0	0	115	0	0	0	0	0	0	0	0	0	0	0	370	0	0	0	0	0	0	0	0
a66dd8d31584930c2b0f811f572dddcf	38	259	198	104	186	155	197	202	131	109	90	108	221	296	151	106	195	71	0	59	0	48	0	30	250	0	0	361	0	0	0	0	0	0	0	0	0	0	0	120	0	0	0	0	0	0	0	0
3d766867c97f511431bf97e059d6498f	15	0	0	0	0	0	0	0	0	0	0	0	0	0	0	0	0	66	81	0	104	0	284	0	0	44	39	0	260	103	140	159	34	95	63	91	173	20	214	0	241	91	219	44	319	305	58	36
04195686f2b70585790ec75320de0d6f	25	5	0	0	39	0	13	6	78	43	8	0	4	28	0	0	0	5	27	0	21	17	127	0	0	22	20	0	72	43	40	235	68	84	290	39	123	212	115	0	137	76	45	56	104	300	244	324
c5b4c6b372dbc13b6a7f2d466fc7335f	0	0	89	152	61	44	29	8	0	134	57	0	158	71	53	0	0	0	173	36	173	0	79	0	28	159	46	14	207	114	0	82	99	57	94	92	41	45	68	0	61	93	64	87	37	72	86	106
d39f37b814ebd81091a949f8bd9d1710	90	106	88	111	145	115	124	124	77	137	204	108	67	130	82	172	326	148	0	178	0	81	0	0	149	0	0	181	0	0	0	0	0	0	0	0	0	0	0	57	0	0	0	0	0	0	0	0
25def15fb42bed6855ede4893d27a21d	0	621	0	0	0	0	0	0	708	0	0	606	0	0	0	2	0	0	0	0	0	0	0	0	0	0	0	0	0	0	0	0	0	5	0	0	0	0	0	1004	0	0	0	0	0	0	0	0
d5c52d867f4b3d86735eb8d8b3ff85f9	0	70	244	166	238	190	153	152	196	60	306	52	117	0	0	64	281	0	0	183	0	64	0	0	27	0	0	54	0	0	0	0	0	0	0	0	0	0	0	26	0	0	0	0	0	0	0	0
599ba6458e91e2527f358f547ea39261	17	4	16	115	143	235	101	330	0	460	60	19	102	76	228	90	50	22	0	22	0	33	0	0	104	0	0	27	0	0	0	0	0	0	0	0	0	0	0	0	0	0	0	0	0	0	0	0
c162a4f3943238810eba8a25f0563cca	0	261	29	0	0	131	0	42	149	116	0	93	0	135	105	340	154	109	0	116	0	94	0	0	131	0	0	131	0	0	0	0	0	0	0	0	0	0	0	102	0	0	0	0	0	0	0	0
e6a34eb113dba66df0b8bbec907a8f5d	13	30	53	42	27	15	45	18	54	35	65	48	38	0	0	57	37	43	0	47	0	25	0	0	32	103	67	0	0	113	0	0	118	0	80	147	0	0	0	68	81	65	87	49	76	35	69	0
ad689a29574a09c604cd36cf41732e13	0	0	0	0	0	0	0	0	0	0	0	0	0	0	0	0	0	0	142	0	116	0	89	0	0	120	0	0	198	113	45	65	79	0	52	79	43	47	65	0	61	88	54	70	48	60	113	90
3128e057b1d4f320961e4da677724613	20	27	73	22	59	13	13	47	13	40	72	42	24	26	25	17	28	20	58	50	49	9	11	0	25	14	26	46	25	52	72	13	33	33	76	40	30	103	29	76	0	0	0	0	0	0	0	0
993ea35e8ad7ff6894e32247dc507e9b	0	0	0	0	0	0	0	0	0	0	0	0	0	0	0	0	0	0	19	0	28	0	57	0	0	0	13	0	152	0	21	65	196	23	132	50	83	94	39	0	18	60	22	24	51	155	73	76
a167e4d4418792dcaba877443ed0e66d	0	0	0	0	0	0	0	0	0	0	0	0	0	0	0	0	0	0	98	0	83	0	12	0	0	114	97	0	27	154	56	20	30	7	5	139	18	16	10	0	95	137	118	7	11	13	12	13
cae14798faeabb8e1b8840e712839921	0	0	0	0	0	0	0	0	0	0	0	0	0	0	0	0	26	0	83	0	83	0	28	0	0	47	28	18	62	30	35	75	40	29	125	47	80	37	24	0	38	15	44	12	73	93	20	44
0189d0173c07f11e7586ff20eb33f5ba	0	0	0	0	0	0	0	0	0	0	0	0	0	0	0	0	0	0	44	0	42	0	64	0	0	38	13	0	58	35	35	148	48	12	125	61	19	120	30	0	51	26	10	13	16	74	39	82
ff88a3ff3ed651f80384b3440acb21d5	0	0	14	187	96	2	276	4	4	87	71	0	104	0	6	35	120	9	0	71	0	19	0	0	8	0	0	5	0	0	0	0	0	0	0	0	0	0	0	0	0	0	0	0	0	0	0	0
71eefb0527438cc9f3a3e91dccd3caa8	0	57	58	65	56	15	52	29	66	69	81	0	53	47	88	71	117	0	0	0	0	48	0	0	96	0	0	43	0	0	0	0	0	0	0	0	0	0	0	0	0	0	0	0	0	0	0	0
54f7ee881a58ad84fe3f81d76968b072	0	0	0	0	0	0	0	0	0	0	0	0	0	0	0	0	0	0	0	0	0	0	99	0	0	147	30	0	76	10	0	19	126	57	12	13	9	37	0	0	24	15	163	6	192	56	14	0
ed5952d1e022067b212146b9b3bc6812	19	0	13	107	23	9	58	0	6	44	18	252	32	15	61	102	0	0	0	0	0	0	0	0	0	0	0	0	0	0	0	0	0	0	0	0	0	0	0	309	0	0	0	0	0	0	0	0
370829fece3190f1a8efccf50b7d0921	27	39	0	27	57	0	25	10	6	40	75	74	104	0	0	0	0	13	0	0	15	0	30	0	0	70	0	0	30	39	24	31	36	24	28	15	0	28	0	43	44	12	12	0	17	0	20	28
f8f3e605678a490b72cab74f3fc2c52b	19	58	53	19	31	45	23	41	29	51	106	41	67	10	13	99	103	46	0	34	0	13	0	0	47	0	0	66	0	0	0	0	0	0	0	0	0	0	0	29	0	0	0	0	0	0	0	0
48d9883fd871b82d9bbc89cb0447be8c	7	8	8	33	62	91	9	16	12	0	27	10	54	93	105	11	86	49	0	117	0	34	13	0	65	0	0	82	0	0	0	0	0	0	0	0	0	0	0	15	0	0	0	0	0	0	0	0
ad52a0f6646c574417ce0b13b84acfa9	4	0	43	132	144	39	60	70	18	57	19	84	47	55	16	65	9	6	0	12	0	6	0	0	23	0	0	8	0	0	0	0	0	0	0	0	0	0	0	46	0	0	0	0	0	0	0	0
dafe809740d0545dc25c6939a84a1820	0	0	5	0	5	39	9	16	9	21	5	0	20	22	25	10	15	5	17	18	18	0	34	0	23	22	12	14	32	16	25	102	26	17	67	28	29	85	16	0	40	12	12	18	16	26	21	10
eea6b86c0c75e740670ccc50613b1b23	30	72	0	0	60	16	38	0	0	75	211	58	16	0	11	120	30	63	0	16	0	0	0	0	0	0	0	4	0	0	0	0	0	0	0	0	0	0	0	66	0	0	0	0	0	0	0	0
59196a586276f0be745d0e334fc071c6	32	0	0	0	0	0	0	0	0	0	185	0	333	0	272	0	0	0	0	0	0	0	0	0	0	0	0	0	0	0	0	0	0	0	0	0	0	0	0	0	0	0	0	0	0	0	0	0
ad7bc2bb6e1ec90a9bc3c8949bce80d6	0	0	0	0	0	0	0	0	0	0	0	0	0	0	35	0	0	0	0	0	0	0	0	0	0	0	0	0	0	8	0	61	0	0	35	0	0	38	20	0	0	0	24	14	17	461	0	98
4311a44a7d56ce4086afad3e75bedd6e	0	0	18	14	0	11	0	9	8	0	17	0	7	0	0	58	9	80	18	33	20	0	7	0	13	0	0	0	59	4	10	146	16	12	38	26	0	10	8	15	18	9	0	11	0	0	10	0
cc968157f7691aab95df444e8cd103e2	8	0	0	38	0	8	18	6	0	15	23	20	26	13	0	7	9	6	16	33	19	10	14	0	0	13	15	0	7	23	13	9	23	7	0	12	61	3	0	14	17	38	6	26	24	11	28	22
3f55a8ca784ae7190790023a30cd859c	0	0	0	0	0	17	0	24	0	0	0	16	0	111	66	25	0	61	0	27	0	13	0	0	141	0	0	138	0	0	0	0	0	0	0	0	0	0	0	17	0	0	0	0	0	0	0	0
fd1f139259c53276619476db0cc81913	0	0	0	0	0	0	0	0	127	32	0	0	0	0	0	214	73	0	0	120	0	16	0	0	30	0	0	0	0	0	0	0	0	0	0	0	0	0	0	0	0	0	0	0	0	0	0	0
79280cea51a6fe8a3432b2f266dd34db	22	0	0	0	0	0	0	0	0	0	0	0	0	0	0	0	0	0	0	0	0	0	0	34	0	77	7	0	0	65	0	0	111	0	59	42	0	92	0	0	0	0	0	0	0	0	59	43
0c70bdd5631104dd3d818561c9166f6c	0	28	0	0	0	0	0	0	0	0	0	0	0	0	0	0	0	0	0	0	0	0	23	0	0	0	14	0	0	161	0	31	16	16	61	67	16	0	0	0	15	28	0	24	76	9	0	0
efc53dead4f6aa3c5c7b6bc3ebd55544	0	0	0	0	0	0	0	0	0	0	0	0	0	0	0	0	0	0	14	7	12	0	0	0	0	10	13	5	13	18	17	0	25	12	61	34	19	40	3	7	41	31	22	40	38	62	19	19
ed359a2407b2ca10646f03d8714727b8	8	17	38	29	42	50	37	27	9	63	0	0	0	35	0	26	64	9	0	52	0	17	0	0	24	0	0	0	0	0	0	0	0	0	0	0	0	0	0	7	0	0	0	0	0	0	0	0
4c2189b6b5ced3cb80093414e9449de9	0	0	80	0	0	75	0	69	0	0	70	47	11	0	22	0	0	0	0	0	0	0	0	0	0	0	0	32	0	0	0	0	0	0	0	0	0	0	0	19	0	25	0	21	0	0	21	60
60c57911662a9159dfdd0fc05d975a55	0	0	0	0	0	21	11	101	25	0	0	0	0	19	0	73	53	21	0	97	0	20	0	0	34	0	0	64	0	0	0	0	0	0	0	0	0	0	0	0	0	0	0	0	0	0	0	0
8a83cfd5eb074b5dbc6118eb03ef915e	0	0	0	23	31	0	36	10	0	77	57	0	64	15	36	0	84	0	0	47	0	0	0	0	27	0	0	27	0	0	0	0	0	0	0	0	0	0	0	0	0	0	0	0	0	0	0	0
1276e75750b8088464a4275ad0c81579	11	0	190	0	0	0	0	0	0	0	0	207	0	0	0	0	0	0	0	0	0	0	0	0	0	0	0	0	0	0	0	0	0	0	0	0	0	0	0	122	0	0	0	0	0	0	0	0
6a17479edbe461431433bddb084f731e	0	0	0	0	0	0	0	0	0	0	6	0	5	0	0	116	76	24	0	42	0	21	0	0	194	0	0	43	0	0	0	0	0	0	0	0	0	0	0	0	0	0	0	0	0	0	0	0
56c3d1a8e4dc5c2aa7afbc1563559448	0	0	0	0	0	0	0	0	0	0	0	0	0	0	0	0	0	0	0	0	0	0	0	0	0	31	8	0	0	49	0	0	37	0	9	27	0	49	0	0	21	24	16	10	46	76	23	65
f609a7a60f9d78d21f9d3344dd463ebd	21	25	30	14	79	29	0	7	0	0	87	44	71	0	15	0	0	0	0	0	0	0	0	0	0	0	0	0	0	0	0	0	0	0	0	0	0	0	0	30	0	0	0	0	0	0	0	0
e644522cf6d7222c9da7f9ecf614cd89	0	52	71	0	0	0	0	0	24	0	0	59	0	0	0	97	0	105	0	0	0	0	0	0	0	0	0	0	0	0	0	0	0	0	0	0	0	0	0	37	0	0	0	0	0	0	0	0
597966c93921ecc2907ad15121cbcd2c	0	0	0	0	0	0	0	0	0	0	0	0	0	0	0	0	0	0	12	0	0	0	0	0	0	17	0	0	21	12	14	155	9	0	13	0	9	23	22	0	9	21	0	14	10	16	0	30
d2d1d9d57e61a764383ea2c84cef04c5	0	0	0	0	0	0	0	0	0	0	0	0	0	0	0	0	0	0	22	0	20	0	17	0	0	12	0	0	24	9	29	0	19	38	17	0	44	18	0	0	13	9	0	12	20	46	20	8
f383301e7fc9100853de9ac3bc236047	0	12	0	0	0	0	0	0	44	39	0	0	31	0	64	10	37	0	0	15	0	7	0	0	65	0	0	36	0	0	0	0	0	0	0	0	0	0	0	0	0	0	0	0	0	0	0	0
2f3b51e3f7acc3c9f66f1552b67a0209	0	0	0	0	0	0	0	0	0	0	0	0	0	0	0	0	0	0	53	0	56	0	0	0	0	0	0	0	0	0	0	25	0	0	43	35	0	35	0	34	0	0	0	6	0	17	0	28
3e93fd55a231bb99b67a666bad8446a8	0	0	0	5	0	0	0	0	8	0	0	0	0	0	14	0	0	0	7	0	0	0	0	0	9	0	6	0	13	0	0	39	24	0	17	12	17	16	12	0	30	10	0	0	16	14	22	25
a7afea19e18742d1f98968e526a4d848	0	0	0	0	0	0	0	100	0	0	0	0	0	11	0	84	60	0	0	0	0	0	0	0	59	0	0	0	0	0	0	0	0	0	0	0	0	0	0	0	0	0	0	0	0	0	0	0
fea3411c847e6627afb5e78b88e2e9af	9	0	0	0	0	0	0	0	0	19	21	0	15	0	80	43	23	0	0	0	0	8	0	0	10	0	0	0	0	0	0	0	0	0	0	0	0	0	0	0	41	0	6	0	13	19	0	0
539c656b9710b0099a96a678b3023299	0	0	0	0	14	103	0	65	0	10	0	0	0	66	0	0	0	0	0	0	0	0	0	0	0	0	0	16	0	0	0	0	0	0	0	0	0	0	0	0	0	0	0	0	0	0	0	0
a75b0438ad19fb4e31f4d58c2d49ea02	0	0	0	0	0	0	0	0	0	0	0	0	0	0	0	0	0	0	19	0	16	0	29	0	0	0	6	0	31	0	14	0	7	15	10	0	29	0	0	0	0	13	0	16	32	9	15	7
c942f59feffce9c3ab527135de234101	0	0	0	0	0	0	0	0	0	0	0	0	0	0	0	0	0	0	0	0	0	0	0	0	0	0	0	0	0	0	0	143	0	0	0	0	0	88	0	0	0	0	0	0	0	13	0	7
39bb3fb5b2257fd2eacca408dc42c5d1	0	5	0	0	0	27	0	28	10	0	0	10	0	0	0	62	0	0	0	79	0	0	0	0	0	0	0	20	0	0	0	0	0	0	0	0	0	0	0	9	0	0	0	0	0	0	0	0
99dda7b5337bc09a69e9e27bab56fd79	0	0	0	0	0	0	0	0	0	0	0	6	0	0	0	12	0	0	0	0	19	0	0	0	0	0	0	0	63	0	0	0	0	0	0	0	30	0	11	0	0	20	3	9	23	16	18	16
c82032c40c98975f71892e4be561c87a	0	0	8	6	0	0	0	0	0	3	7	20	0	0	0	8	0	0	7	0	7	0	0	0	0	14	17	0	20	0	0	0	14	0	31	13	8	6	0	8	0	8	0	0	0	0	0	11
867ef55516e42915f9969f14b3640967	0	0	0	0	0	0	0	0	0	0	0	0	0	0	0	0	0	0	0	0	0	0	0	0	0	0	0	0	0	0	0	0	0	0	0	0	0	0	0	0	0	83	0	10	0	0	53	53
f12011ad5219b22b6ca790103333a755	0	0	0	0	0	0	0	0	0	0	0	0	0	0	0	24	0	0	0	0	0	0	0	0	0	0	0	0	10	0	0	21	17	0	21	0	0	0	0	0	0	34	0	8	5	0	12	37
61795ee8e60f4a0f66080ab812573fb8	0	39	0	0	0	0	0	0	23	0	0	24	0	0	0	25	32	0	0	0	0	0	0	0	0	0	0	0	0	0	0	0	0	0	0	0	0	27	0	7	0	0	0	0	0	0	0	0
436497b0e3edb384200f5b9b82883182	0	0	0	0	0	0	0	0	0	0	0	0	0	0	0	0	0	0	9	0	10	0	11	0	0	0	0	0	0	0	0	40	0	9	30	0	0	26	0	0	0	6	0	0	0	15	0	17
98f949633286bc12c8a26a7ee2de2a55	0	0	0	0	0	41	0	0	0	0	0	0	0	0	0	0	0	43	0	78	0	0	0	0	0	0	0	0	0	0	0	0	0	0	0	0	0	0	0	0	0	0	0	0	0	0	0	0
7236beef2afd3daa8faca0b3865918a7	0	0	0	0	0	0	0	0	0	0	0	0	0	0	0	0	0	0	0	0	0	0	0	0	0	53	0	0	0	0	0	0	57	0	48	0	0	0	0	0	0	0	0	0	0	0	0	0
64d0a182b41ddc2ed31ebfc1dd2dab3b	0	0	0	0	0	0	0	0	0	0	0	0	0	0	0	0	0	0	0	0	0	0	0	0	0	0	0	0	0	0	0	0	15	0	66	0	0	14	0	0	0	0	0	7	0	0	0	53
42019875482bfb1e4ef010ce0cc617b8	0	0	0	0	11	56	5	35	0	0	0	0	9	0	10	8	0	6	0	0	0	0	0	0	7	0	0	4	0	0	0	0	0	0	0	0	0	0	0	0	0	0	0	0	0	0	0	0
4d9e31dc68d6d5c708f70143f73f54b7	0	0	0	0	0	0	0	0	0	0	0	0	0	0	0	0	0	0	9	0	10	0	0	0	0	0	16	0	4	0	3	11	7	0	8	0	6	0	0	0	21	31	0	5	6	0	8	4
fcc915000295812eecfa7245a74346e9	0	0	0	0	0	0	0	0	0	43	0	0	0	0	35	0	41	0	0	0	0	0	0	0	0	0	0	29	0	0	0	0	0	0	0	0	0	0	0	0	0	0	0	0	0	0	0	0
0d357d84911ef4a089c6ae3c6deb39b9	0	0	0	0	0	0	0	0	0	0	0	0	0	0	0	0	0	0	0	0	0	0	0	0	0	19	7	0	6	10	7	0	20	0	12	0	0	13	0	0	15	11	0	0	0	28	0	0
7ce470a3f833253f6d667fa6830abe07	0	0	0	0	0	0	0	0	0	0	0	0	0	0	0	0	0	0	0	0	0	0	0	0	0	0	0	0	0	13	0	0	17	0	89	9	0	17	0	0	0	0	0	0	0	0	0	0
b153e0852342c0738da791930625716f	0	0	6	12	8	0	4	11	0	0	18	11	0	0	36	28	0	0	0	0	0	0	0	0	0	0	0	0	0	0	0	0	0	0	0	0	0	0	0	10	0	0	0	0	0	0	0	0
4acc36d268585bc3834e627756313b21	0	0	7	0	0	0	14	0	0	0	0	61	0	0	0	0	0	0	0	0	0	0	0	0	0	0	0	0	0	0	0	0	0	0	0	0	0	0	0	55	0	0	0	0	0	0	0	0
113ce005a880987438bdbe19ee22add8	0	5	0	0	0	0	0	0	0	0	0	0	0	0	0	23	46	0	0	0	0	5	0	0	0	0	0	0	0	0	0	0	0	0	0	0	0	0	0	0	0	57	0	0	0	0	0	0
a544abd909afc727c4418e4e19eed417	0	0	0	0	0	0	0	0	0	0	0	0	0	0	0	0	0	0	9	0	10	0	7	0	0	2	0	0	9	5	5	0	6	13	0	0	5	0	8	0	11	10	0	4	9	14	5	4
589c1370b3324a2d6cff6d1ff85341d1	4	0	8	14	6	0	6	8	0	0	35	16	27	0	4	0	0	0	0	0	0	0	0	0	0	0	0	0	0	0	0	0	0	0	0	0	0	0	0	7	0	0	0	0	0	0	0	0
72d6ddeb60679dd2e2844fe039e1a760	0	0	7	0	10	0	0	0	0	0	0	8	0	0	14	41	10	0	0	3	0	0	0	0	41	0	0	0	0	0	0	0	0	0	0	0	0	0	0	0	0	0	0	0	0	0	0	0
9f48f7b79ed6f3dcde8b25e0cf244d5d	0	0	0	0	0	0	0	0	0	0	0	0	0	0	0	0	0	0	0	0	0	0	0	0	0	0	13	0	0	0	0	0	9	0	17	0	0	43	0	0	9	0	21	0	0	18	0	0
74923f4bbde849e27fc4eda25d757e2a	0	2	0	0	0	0	0	0	0	0	0	0	0	0	0	0	0	0	7	0	5	0	27	0	0	12	0	0	9	16	0	0	26	0	4	8	7	5	0	0	0	0	0	0	0	0	0	0
58df89090206b56c52bfffa4b97f4d5d	0	0	0	0	0	0	0	0	0	0	0	0	0	0	0	0	0	0	0	0	0	0	4	0	0	0	10	0	0	0	0	10	0	0	0	0	23	0	0	0	8	8	0	0	0	50	7	3
36247932c78308738fce8e71bb563ca0	0	0	0	17	20	0	0	11	5	26	0	0	21	13	9	0	0	0	0	0	0	0	0	0	0	0	0	0	0	0	0	0	0	0	0	0	0	0	0	0	0	0	0	0	0	0	0	0
3017f87a3b0f5200ed54eca17eef3cbb	0	0	0	0	0	0	0	0	0	0	0	0	0	0	0	6	5	3	0	9	0	0	0	0	8	4	0	0	0	0	0	0	25	0	0	10	0	10	0	0	0	13	0	0	0	0	15	9
4be97abf1ab678a8322783fab899c3a4	0	0	0	0	0	0	0	0	0	0	0	0	0	0	0	0	0	0	9	0	8	0	8	0	0	4	0	0	0	0	16	15	6	5	4	0	8	0	5	0	19	0	0	0	0	0	7	0
59597cd430deea6d8e0908dcd6db7e50	0	0	0	29	0	4	0	0	0	0	0	77	0	0	0	0	0	0	0	0	0	0	0	0	0	0	0	0	0	0	0	0	0	0	0	0	0	0	0	0	0	0	0	0	0	0	0	0
e2c3ff4f647112723741aa72087f1bfa	0	0	0	0	0	0	0	76	0	0	0	0	0	0	34	0	0	0	0	0	0	0	0	0	0	0	0	0	0	0	0	0	0	0	0	0	0	0	0	0	0	0	0	0	0	0	0	0
588a23811b3e98af68f4f0fb24a0daa8	0	0	0	0	0	0	0	0	0	0	0	0	0	0	0	0	0	0	0	0	0	0	0	0	0	0	0	0	0	0	0	0	0	0	0	0	0	0	0	0	27	9	17	11	21	0	0	13
1ef782a559e3e0a4ab42516e0a2c828f	25	32	0	0	0	0	0	0	0	0	0	0	0	0	0	25	0	11	0	3	0	0	0	0	0	0	0	0	0	0	0	0	0	0	0	0	0	0	0	0	0	0	0	0	0	0	0	0
5d141d74c8bd046171ec64835c4864b2	0	0	0	0	0	0	0	0	0	0	0	0	3	0	0	5	0	0	6	0	6	0	6	0	0	0	2	0	0	0	6	17	4	2	7	0	9	0	0	2	0	13	0	8	0	0	0	0
3ca07c7b48bf227fc120979a40a65ecb	0	0	38	0	0	0	0	0	0	0	0	57	0	0	0	0	0	0	0	0	0	0	0	0	0	0	0	0	0	0	0	0	0	0	0	0	0	0	0	0	0	0	0	0	0	0	0	0
b45c9784d674879d68d54362419a1d70	0	0	11	36	0	8	25	0	0	12	0	0	0	0	0	0	0	0	0	0	0	0	0	0	0	0	0	0	0	0	0	0	0	0	0	0	0	0	0	0	0	0	0	0	0	0	0	0
c4b28302dba020a58dbae9c4db392f01	0	0	0	0	0	0	0	0	0	5	0	47	0	0	0	27	0	0	0	0	0	0	0	0	0	0	0	0	0	0	0	0	0	0	0	0	0	0	0	13	0	0	0	0	0	0	0	0
9a75764782a384ce3b83e019c8b2dd94	0	0	0	0	0	0	0	0	0	0	0	0	0	0	0	0	0	0	0	0	0	0	0	0	0	0	0	0	0	0	0	13	0	0	0	0	0	11	0	0	0	0	0	0	0	54	0	12
adab39c80998d5e7787770c5e2d7e66f	0	0	0	0	0	0	0	0	0	0	0	0	11	13	0	0	0	0	0	0	0	0	0	0	0	0	0	0	0	0	0	0	0	0	0	0	0	0	0	0	0	0	0	0	18	42	0	0
c083b87947dd3fe37a289d8500532172	0	0	0	0	0	0	0	0	0	0	0	0	0	0	0	0	0	0	0	0	0	0	0	84	0	0	0	0	0	0	0	0	0	0	0	0	0	0	0	0	0	0	0	0	0	0	0	0
34cddd9fe152c24d78924ef25927d67c	0	0	0	0	0	0	0	0	0	0	0	0	0	0	0	0	0	0	37	0	45	0	0	0	0	0	0	0	0	0	0	0	0	0	0	0	0	0	0	0	0	0	0	0	0	0	0	0
a4a7fc8070f004bdedee4d9833412f63	0	0	0	0	0	0	0	0	0	13	0	0	0	0	34	0	20	0	0	0	0	0	0	0	0	0	0	0	0	0	0	0	0	0	0	0	0	0	0	0	13	0	0	0	0	0	0	0
4b548f1f6fc22f32237396b7d4ffee6e	0	0	0	0	0	0	0	0	0	0	0	0	0	0	0	0	0	0	0	0	0	0	0	0	0	0	0	0	0	0	0	0	0	0	0	0	0	0	0	0	14	10	0	21	0	25	0	0
cea0486054293b47714d155ca349b763	0	0	0	0	0	0	0	0	0	0	0	14	0	0	0	49	6	0	0	0	0	0	0	0	0	0	0	0	0	0	0	0	0	0	0	0	0	0	0	0	0	0	0	0	0	0	0	0
ff9c38c8e5450a3347e39a6c1539fcdb	0	0	0	0	0	0	0	0	0	0	4	13	9	0	0	9	0	0	0	0	0	0	0	0	0	0	0	0	0	0	0	0	0	0	0	0	0	0	0	32	0	0	0	0	0	0	0	0
ca0fb2462b67d4296fdb8de1372d9165	0	0	0	0	0	0	0	0	0	0	0	0	0	0	0	0	0	0	0	0	0	0	10	0	0	0	0	0	27	0	0	9	0	0	0	0	18	0	3	0	0	0	0	0	0	0	0	0
30207d209491dfb7de83344e77fd6fbd	0	0	0	0	0	0	0	0	0	0	0	0	0	0	0	62	0	0	0	0	0	0	0	0	4	0	0	0	0	0	0	0	0	0	0	0	0	0	0	0	0	0	0	0	0	0	0	0
7e17a5137fd9dab8c02617a186088c4d	0	0	0	0	0	0	0	0	0	0	0	0	0	0	0	0	0	0	14	0	0	0	0	0	0	0	0	0	0	0	0	0	8	0	5	0	0	6	0	0	11	0	4	4	0	12	0	0
c1c1c7a5ca13ddaffccff1f5c2b5ece8	0	0	0	0	0	0	0	0	0	0	0	0	0	0	0	0	0	0	0	0	0	0	0	0	0	7	0	0	0	0	0	0	0	0	0	0	0	11	0	0	14	0	14	0	6	6	0	3
94cbe1a4c874ed06029d9ff25043401a	0	0	0	13	3	0	8	3	0	0	0	18	0	0	0	0	0	0	0	0	0	0	0	0	0	0	0	0	0	0	0	0	0	0	0	0	0	0	0	14	0	0	0	0	0	0	0	0
a8aa97d298d1f664e210db65c1e7a5a4	0	0	0	0	0	0	0	0	0	0	0	0	0	0	0	0	0	0	0	0	0	0	0	0	0	0	0	0	0	0	0	0	57	0	0	0	0	0	0	0	0	0	0	0	0	0	0	0
919db619ad90cc6b09b31c83d5719da9	0	0	0	0	0	0	0	0	0	0	0	0	0	0	0	0	0	0	14	0	10	0	0	0	0	0	0	0	31	0	0	0	0	0	0	0	0	0	0	0	0	0	0	0	0	0	0	0
3098ee4e595175076514b00a8a20c291	0	0	0	0	0	0	0	0	0	0	0	0	0	0	0	0	0	0	0	0	0	0	0	0	0	2	8	0	0	0	5	0	4	6	7	0	0	0	0	0	4	11	0	4	0	0	4	0
51ec82b74708e9246ec88a798ba7c636	0	0	0	0	0	0	0	0	0	0	0	0	0	0	0	0	0	0	0	0	19	0	16	0	0	0	0	0	0	0	0	16	0	0	0	0	0	0	0	0	0	0	0	0	0	0	0	0
32c4498732e02af61d331441ceabc5f5	0	0	0	0	0	0	0	0	0	0	0	0	0	0	0	0	0	0	0	0	0	0	0	0	0	6	0	0	0	0	0	15	10	0	0	0	0	0	0	0	0	19	0	0	0	0	0	0
8706a529ca2ed4681dcd29d33f1cda70	0	0	0	0	0	0	0	0	0	0	0	0	0	0	0	0	0	0	0	0	0	49	0	0	0	0	0	0	0	0	0	0	0	0	0	0	0	0	0	0	0	0	0	0	0	0	0	0
23f9483ab286a395e9c207ad5a0beb74	0	0	0	0	0	0	0	0	0	0	0	0	0	0	0	0	0	0	0	0	0	0	0	49	0	0	0	0	0	0	0	0	0	0	0	0	0	0	0	0	0	0	0	0	0	0	0	0
b31ddda36b7c06e9c19f4f377daf2559	0	0	0	0	0	0	0	0	0	0	0	0	0	0	0	0	0	0	0	0	0	47	0	0	0	0	0	0	0	0	0	0	0	0	0	0	0	0	0	0	0	0	0	0	0	0	0	0
525d64ff8a5140d13235ed64009a3494	0	0	0	0	0	0	0	0	0	0	0	0	0	0	0	0	0	0	0	0	0	0	0	0	0	0	0	0	0	0	0	0	7	0	0	0	17	0	0	0	0	0	0	0	0	0	20	0
0f6200a5b77099113b52eea9a8645181	0	0	0	0	0	0	0	0	0	0	0	0	43	0	0	0	0	0	0	0	0	0	0	0	0	0	0	0	0	0	0	0	0	0	0	0	0	0	0	0	0	0	0	0	0	0	0	0
ed7a767b5c636310d62d120f2add8934	0	0	0	0	0	0	0	0	0	0	0	0	0	0	0	0	0	0	0	0	0	41	0	0	0	0	0	0	0	0	0	0	0	0	0	0	0	0	0	0	0	0	0	0	0	0	0	0
ec1f3622e09fe4a3ec69f3d78da6010b	0	0	0	0	0	0	0	0	0	0	0	0	0	0	0	0	0	0	0	0	0	0	0	41	0	0	0	0	0	0	0	0	0	0	0	0	0	0	0	0	0	0	0	0	0	0	0	0
559f44be0d455c0ae85c00edeb22c555	0	0	0	0	0	0	0	0	0	0	0	0	0	0	0	0	0	0	0	0	0	0	0	0	0	7	0	0	0	0	0	0	15	0	0	0	0	0	0	0	0	11	0	0	0	0	0	8
9acc238746a1f2aa7745a0b5720c4eac	6	0	0	0	0	0	0	0	0	0	0	0	0	0	0	0	0	0	0	0	0	0	0	34	0	0	0	0	0	0	0	0	0	0	0	0	0	0	0	0	0	0	0	0	0	0	0	0
c8fce068920feb387167d44c01689295	0	0	0	0	0	16	0	24	0	0	0	0	0	0	0	0	0	0	0	0	0	0	0	0	0	0	0	0	0	0	0	0	0	0	0	0	0	0	0	0	0	0	0	0	0	0	0	0
90c2b51afe404951ec89bd52c7ae1f58	0	0	0	0	0	0	0	0	0	0	0	0	0	0	0	0	0	0	9	4	0	0	9	0	0	0	0	0	0	0	0	0	7	0	0	0	5	0	0	0	0	6	0	0	0	0	0	0
bad4f7c5ada34a1f813946abcfe5c556	0	0	0	0	0	0	0	3	0	0	0	25	0	0	0	0	0	0	0	0	0	0	0	0	0	0	0	0	0	0	0	0	0	0	0	0	0	0	0	11	0	0	0	0	0	0	0	0
c18afe570abfe82d2f746ecc6e291bab	0	0	0	0	0	0	0	0	0	0	0	0	0	0	0	0	0	0	0	0	0	0	0	14	0	0	0	0	0	0	0	0	0	0	0	0	0	0	0	0	0	0	0	0	0	0	0	24
51625f89e7332f46ab0641e10cede6ea	0	0	8	0	0	0	0	0	0	0	0	11	0	0	0	0	0	0	0	0	0	0	0	0	0	0	0	0	0	0	0	0	0	0	0	0	0	0	0	18	0	0	0	0	0	0	0	0
d3f86c6a6fd03654e0848a1fb1ad1385	0	0	0	0	0	0	0	0	0	0	0	0	0	0	0	0	0	0	0	0	0	37	0	0	0	0	0	0	0	0	0	0	0	0	0	0	0	0	0	0	0	0	0	0	0	0	0	0
8720f9ecd2331ce68e2896df1bf2d977	0	0	2	0	0	5	0	10	0	0	0	0	0	0	0	0	0	0	0	0	0	7	0	0	6	0	0	4	0	0	0	0	0	0	0	0	0	0	0	2	0	0	0	0	0	0	0	0
6e8986f8088b452f964e7968bb8bca87	0	0	0	0	0	0	0	0	0	0	0	0	0	0	0	0	0	0	0	0	0	36	0	0	0	0	0	0	0	0	0	0	0	0	0	0	0	0	0	0	0	0	0	0	0	0	0	0
b8cc2b91c302958f608387a258b3cf7a	0	0	0	0	0	0	0	0	0	0	0	0	0	0	0	0	0	0	0	0	0	36	0	0	0	0	0	0	0	0	0	0	0	0	0	0	0	0	0	0	0	0	0	0	0	0	0	0
32d9ab84e859d48f487b790c58e98234	0	0	0	0	0	0	0	0	0	0	0	0	0	0	0	0	0	0	0	0	0	0	0	0	0	0	0	3	0	0	7	4	0	0	0	0	0	0	0	0	15	0	0	0	0	7	0	0
1c94105978b1aa2095e3c0096774f240	0	0	0	0	0	0	0	0	5	2	0	0	0	4	0	0	0	0	2	0	3	0	7	0	0	0	0	0	0	0	0	6	0	0	0	0	0	0	0	0	0	5	0	0	0	0	0	0
8e8437cafec48fdafc43204cb2d3a7bf	0	0	0	0	0	0	0	0	0	0	0	0	0	0	0	0	0	0	0	0	0	34	0	0	0	0	0	0	0	0	0	0	0	0	0	0	0	0	0	0	0	0	0	0	0	0	0	0
5ca5ea401c8d3569e69626d2f81d5578	0	0	0	0	15	0	0	0	0	0	0	0	0	0	8	8	0	0	0	0	0	0	0	0	0	0	0	0	0	0	0	0	0	0	0	0	0	0	0	0	0	0	0	0	0	0	0	0
86deb5cf8d6f29d383136e0d09863b69	0	0	0	0	0	8	0	0	0	5	0	0	4	3	0	7	0	4	0	0	0	0	0	0	0	0	0	0	0	0	0	0	0	0	0	0	0	0	0	0	0	0	0	0	0	0	0	0
7cccd12de71224a390b03ec6e0fe94c2	0	0	0	0	0	0	0	0	0	0	0	0	0	0	0	0	0	0	0	0	0	30	0	0	0	0	0	0	0	0	0	0	0	0	0	0	0	0	0	0	0	0	0	0	0	0	0	0
54f25a2b09b2c1a1517c8b5472eca178	2	0	0	0	0	0	0	0	0	0	0	0	0	0	0	0	0	0	0	0	2	0	0	16	0	0	4	0	0	0	0	0	0	0	0	0	0	0	0	0	0	0	0	0	0	0	0	5
340a5698fe78713b785c3bcce89df73b	0	0	0	0	0	0	4	0	0	3	4	0	0	0	11	0	7	0	0	0	0	0	0	0	0	0	0	0	0	0	0	0	0	0	0	0	0	0	0	0	0	0	0	0	0	0	0	0
2c1dcc76478dfbb19fa59690738202c6	0	0	0	0	0	0	0	0	0	0	0	0	0	0	0	17	12	0	0	0	0	0	0	0	0	0	0	0	0	0	0	0	0	0	0	0	0	0	0	0	0	0	0	0	0	0	0	0
8951cc9103140b71bd50c0932e096502	0	0	0	0	0	0	0	0	0	0	0	0	0	0	0	0	0	0	0	0	0	13	0	0	0	0	0	0	0	0	0	0	0	0	0	0	0	0	0	0	0	0	0	0	0	0	0	16
8ce931b0c99ad5ed648c25483c1ca492	0	0	0	0	0	0	0	7	0	0	0	3	0	0	0	0	0	0	0	0	0	0	0	0	5	0	0	0	0	0	0	12	0	0	0	0	0	0	0	0	0	0	0	0	0	0	0	0
8d181137c9febeb212a7e98974633215	0	0	0	26	0	0	0	0	0	0	0	0	0	0	0	0	0	0	0	0	0	0	0	0	0	0	0	0	0	0	0	0	0	0	0	0	0	0	0	0	0	0	0	0	0	0	0	0
9ad89cc951aa3031c19c59c95e401614	0	0	0	0	0	0	0	0	0	0	0	0	0	0	0	0	0	0	0	0	0	0	0	0	0	0	0	0	0	0	0	0	0	0	0	0	0	26	0	0	0	0	0	0	0	0	0	0
5b2ff5ba2a0d772cdfbebcd539e8519c	0	0	0	0	0	0	0	0	0	0	0	0	0	0	0	0	0	0	0	0	0	0	0	0	0	0	0	0	0	0	0	6	0	6	0	0	8	0	0	0	5	0	0	0	0	0	0	0
149e7d5e484d157f2ac6140a2111618e	14	0	0	0	0	0	0	0	0	0	0	0	0	0	0	0	0	0	5	0	5	0	0	0	0	0	0	0	0	0	0	0	0	0	0	0	0	0	0	0	0	0	0	0	0	0	0	0
690df543c97f2394f67f7374003b9dfd	0	0	0	0	0	0	0	0	0	0	0	0	0	0	0	0	0	0	0	0	0	0	0	0	0	0	0	0	0	0	0	0	0	0	0	0	0	0	0	0	0	0	0	0	7	16	0	0
e1c1e16af6d82e0be9fbe02b9b29f280	0	0	0	0	0	0	0	0	0	0	0	0	0	0	0	0	0	0	0	0	0	22	0	0	0	0	0	0	0	0	0	0	0	0	0	0	0	0	0	0	0	0	0	0	0	0	0	0
119d97b0ab7d5f1e877eece957a9120f	21	0	0	0	0	0	0	0	0	0	0	0	0	0	0	0	0	0	0	0	0	0	0	0	0	0	0	0	0	0	0	0	0	0	0	0	0	0	0	0	0	0	0	0	0	0	0	0
1e6fb78e2244ca940f9fc31d88d711dc	0	0	0	0	0	0	0	0	0	0	0	0	13	0	7	0	0	0	0	0	0	0	0	0	0	0	0	0	0	0	0	0	0	0	0	0	0	0	0	0	0	0	0	0	0	0	0	0
38049d3a278edb50fc3709a722456336	0	0	0	0	0	0	0	0	0	0	0	0	0	0	0	7	0	5	0	0	0	0	0	0	0	0	0	0	0	0	0	0	0	0	0	5	0	0	3	0	0	0	0	0	0	0	0	0
17415f114576e3abaea82accc917df0e	0	0	0	0	0	0	0	0	0	0	0	0	0	0	0	0	0	0	0	0	0	20	0	0	0	0	0	0	0	0	0	0	0	0	0	0	0	0	0	0	0	0	0	0	0	0	0	0
99b02f389bd0b7abad0d4d8affb09e22	0	0	0	0	0	0	0	0	0	0	0	0	0	0	0	0	0	0	0	0	0	0	0	0	0	0	0	0	0	0	0	14	0	0	0	0	0	0	0	0	0	0	0	0	6	0	0	0
331807c166f49ccfe1ca279638398acc	0	0	0	0	0	0	0	0	0	0	0	0	0	0	0	0	0	0	0	0	0	19	0	0	0	0	0	0	0	0	0	0	0	0	0	0	0	0	0	0	0	0	0	0	0	0	0	0
d05c86b5bfc092d8677507fb1eae8d66	0	0	0	0	0	0	0	0	0	0	0	0	0	0	0	0	0	0	0	0	0	0	0	0	6	0	0	0	0	0	0	0	0	0	0	0	0	0	0	13	0	0	0	0	0	0	0	0
fdb1c35a8dab336d65ed22d796e71e4b	0	0	0	0	5	4	0	4	0	0	0	0	0	0	0	5	0	0	0	0	0	0	0	0	0	0	0	0	0	0	0	0	0	0	0	0	0	0	0	0	0	0	0	0	0	0	0	0
ea3433f2c148c6fae4cc2e9ae197f5b8	0	0	0	0	10	0	3	4	0	0	0	0	0	0	0	0	0	0	0	0	0	0	0	0	0	0	0	0	0	0	0	0	0	0	0	0	0	0	0	0	0	0	0	0	0	0	0	0
ab153c3e19553cead3d76fb9e00684c2	0	0	0	0	10	0	0	0	0	0	0	0	0	0	0	7	0	0	0	0	0	0	0	0	0	0	0	0	0	0	0	0	0	0	0	0	0	0	0	0	0	0	0	0	0	0	0	0
c8c67298434f493c742e803e0d9e06bc	0	0	0	0	0	0	0	0	0	0	0	0	0	0	0	0	0	0	0	0	0	17	0	0	0	0	0	0	0	0	0	0	0	0	0	0	0	0	0	0	0	0	0	0	0	0	0	0
180b74e94caf35fac5e1f0f4b7ad9d9f	0	3	0	0	0	0	0	0	0	3	0	0	0	0	3	0	0	0	0	0	0	0	0	0	0	0	0	6	0	0	0	0	0	0	0	0	0	0	0	0	0	0	0	0	0	0	0	0
514b34f09e4acd2397d38273c630d338	0	0	0	0	0	0	0	0	0	0	4	0	0	0	11	0	0	0	0	0	0	0	0	0	0	0	0	0	0	0	0	0	0	0	0	0	0	0	0	0	0	0	0	0	0	0	0	0
f9f5f08e8da4cc9740518223846563db	0	0	0	0	0	0	0	0	0	0	0	0	0	0	15	0	0	0	0	0	0	0	0	0	0	0	0	0	0	0	0	0	0	0	0	0	0	0	0	0	0	0	0	0	0	0	0	0
11b8e885579aba2e20a8a8ed7b02a3b0	0	0	0	0	0	0	0	0	0	0	0	0	0	0	0	0	0	0	0	0	0	15	0	0	0	0	0	0	0	0	0	0	0	0	0	0	0	0	0	0	0	0	0	0	0	0	0	0
2ad5e3ec26075722ca1cb0612c82d965	0	0	0	0	0	0	0	0	0	0	0	0	0	0	0	0	0	0	0	0	0	15	0	0	0	0	0	0	0	0	0	0	0	0	0	0	0	0	0	0	0	0	0	0	0	0	0	0
3f1ed51e954b35a8108c12dd882b696b	0	0	0	0	0	0	0	0	0	0	0	0	0	0	0	0	0	0	0	0	0	10	0	0	0	0	0	5	0	0	0	0	0	0	0	0	0	0	0	0	0	0	0	0	0	0	0	0
4faf0d1e462b85e630eaa40b17d8d744	0	0	0	0	11	0	0	0	0	0	0	0	0	0	3	0	0	0	0	0	0	0	0	0	0	0	0	0	0	0	0	0	0	0	0	0	0	0	0	0	0	0	0	0	0	0	0	0
6240207fd3edd24bf0799b5f427423a0	0	0	0	0	0	0	0	0	0	14	0	0	0	0	0	0	0	0	0	0	0	0	0	0	0	0	0	0	0	0	0	0	0	0	0	0	0	0	0	0	0	0	0	0	0	0	0	0
0cc2420a6a4698f8bf664d50b17d26b4	0	0	0	0	0	0	0	0	0	0	0	6	8	0	0	0	0	0	0	0	0	0	0	0	0	0	0	0	0	0	0	0	0	0	0	0	0	0	0	0	0	0	0	0	0	0	0	0
85346ae81de7c92bcda88b9eda345d9f	0	0	0	0	0	0	0	0	0	0	0	0	0	0	0	7	7	0	0	0	0	0	0	0	0	0	0	0	0	0	0	0	0	0	0	0	0	0	0	0	0	0	0	0	0	0	0	0
605e81eb674b7e28a2ef1b19a20081ab	0	0	0	0	0	0	0	0	0	0	0	0	0	0	0	0	0	0	0	0	2	0	0	0	0	0	2	0	0	0	0	0	3	0	0	0	0	0	0	0	0	0	0	0	0	0	7	0
14e9598ca92131c9810e69b5924d6b21	0	0	0	0	0	0	0	0	0	0	0	0	0	0	0	0	0	0	0	0	0	14	0	0	0	0	0	0	0	0	0	0	0	0	0	0	0	0	0	0	0	0	0	0	0	0	0	0
539ca948741b9a713eb781d4281b23fc	0	0	0	0	0	0	0	0	0	0	0	0	0	0	0	0	0	0	0	0	0	0	0	0	0	0	0	0	10	0	0	0	0	0	0	0	4	0	0	0	0	0	0	0	0	0	0	0
611f25bcf2e9ccc3e91be10071526310	13	0	0	0	0	0	0	0	0	0	0	0	0	0	0	0	0	0	0	0	0	0	0	0	0	0	0	0	0	0	0	0	0	0	0	0	0	0	0	0	0	0	0	0	0	0	0	0
8928c13a470a9251a2ddb4d3a23b69c1	0	13	0	0	0	0	0	0	0	0	0	0	0	0	0	0	0	0	0	0	0	0	0	0	0	0	0	0	0	0	0	0	0	0	0	0	0	0	0	0	0	0	0	0	0	0	0	0
6c515b0e81650b5d02a3d95ca789ba5f	0	0	0	0	0	0	0	0	0	0	0	0	0	0	0	13	0	0	0	0	0	0	0	0	0	0	0	0	0	0	0	0	0	0	0	0	0	0	0	0	0	0	0	0	0	0	0	0
6f97118af09e458c9f7c7a3595b506dc	0	0	0	0	0	0	0	0	0	0	0	0	0	0	0	0	0	0	0	0	0	0	0	0	0	0	0	0	0	0	0	0	0	0	0	0	0	0	0	0	0	0	0	0	0	13	0	0
4fcfad4a1e7822b1d1fe3ea11b9170d6	12	0	0	0	0	0	0	0	0	0	0	0	0	0	0	0	0	0	0	0	0	0	0	0	0	0	0	0	0	0	0	0	0	0	0	0	0	0	0	0	0	0	0	0	0	0	0	0
0b05a2e48cdc5f9e766bb0f4c209d4b4	0	2	0	0	0	0	0	0	0	0	0	0	0	0	0	0	0	0	0	0	0	0	0	0	0	0	0	0	0	0	0	0	0	0	0	0	0	0	0	0	0	0	0	6	0	0	4	0
c04ae6cb04177b768e7f8a7259a8775e	0	0	12	0	0	0	0	0	0	0	0	0	0	0	0	0	0	0	0	0	0	0	0	0	0	0	0	0	0	0	0	0	0	0	0	0	0	0	0	0	0	0	0	0	0	0	0	0
98eecebb99944787e35f7583408fe8c7	0	0	0	0	0	0	0	3	0	0	0	4	5	0	0	0	0	0	0	0	0	0	0	0	0	0	0	0	0	0	0	0	0	0	0	0	0	0	0	0	0	0	0	0	0	0	0	0
2ae062f25a3b10f0dabfc4b0a3c5bc62	0	0	0	0	0	0	0	0	0	0	0	0	0	0	0	0	0	0	12	0	0	0	0	0	0	0	0	0	0	0	0	0	0	0	0	0	0	0	0	0	0	0	0	0	0	0	0	0
d34887a684a1acc690b8f3644cb11c12	0	0	0	0	0	0	0	0	0	0	0	0	0	0	0	0	0	0	0	0	0	0	0	0	0	0	6	0	0	6	0	0	0	0	0	0	0	0	0	0	0	0	0	0	0	0	0	0
d7a129c49a7dbfa5cbb558cef2628f94	0	0	0	0	0	0	0	0	0	0	0	0	0	0	0	0	0	0	0	0	0	0	0	0	0	0	0	0	0	0	0	0	7	0	5	0	0	0	0	0	0	0	0	0	0	0	0	0
efdc10ad96caaf61068e37a40a1caec6	0	0	0	0	0	0	0	0	0	0	0	0	0	0	0	0	0	0	0	0	0	0	0	0	0	0	0	0	0	0	0	0	0	0	0	0	12	0	0	0	0	0	0	0	0	0	0	0
148c7eb0139bbc1b8c87dd31464742e4	0	0	0	0	0	0	0	0	0	0	0	11	0	0	0	0	0	0	0	0	0	0	0	0	0	0	0	0	0	0	0	0	0	0	0	0	0	0	0	0	0	0	0	0	0	0	0	0
9f4334509ea6cca32eaf82f46a918bf0	0	0	0	0	0	0	0	0	0	0	0	0	11	0	0	0	0	0	0	0	0	0	0	0	0	0	0	0	0	0	0	0	0	0	0	0	0	0	0	0	0	0	0	0	0	0	0	0
9828f58eaf910927264c204ace9caeed	0	0	0	0	0	0	0	0	0	0	0	0	0	0	0	11	0	0	0	0	0	0	0	0	0	0	0	0	0	0	0	0	0	0	0	0	0	0	0	0	0	0	0	0	0	0	0	0
889fd1f0d531cbb5b3610d73eab3e20a	0	0	0	0	0	0	0	0	0	0	0	0	0	0	0	0	0	0	0	0	0	11	0	0	0	0	0	0	0	0	0	0	0	0	0	0	0	0	0	0	0	0	0	0	0	0	0	0
cbb1dee8bf80a6cf676e15d39d9979d1	0	0	0	0	0	0	0	0	0	0	0	0	0	0	0	0	0	0	0	0	0	0	0	11	0	0	0	0	0	0	0	0	0	0	0	0	0	0	0	0	0	0	0	0	0	0	0	0
fb464f8e5ae811d72eda06eff2ee40ba	0	0	0	0	0	0	0	0	0	0	0	0	0	0	0	0	0	0	0	0	0	0	0	0	0	0	0	0	0	0	11	0	0	0	0	0	0	0	0	0	0	0	0	0	0	0	0	0
d79bb5d81b2a330fb43a44dc5228799f	0	0	0	0	0	0	0	0	0	0	0	0	0	0	0	0	0	0	0	0	0	0	0	0	0	0	0	0	0	0	0	0	0	0	0	0	0	0	0	0	11	0	0	0	0	0	0	0
60ed3ad7a69022ddc89d3f4762206781	0	0	0	0	0	0	0	0	0	0	0	0	0	0	0	0	0	0	0	0	0	0	0	0	0	0	0	0	0	0	0	0	0	0	0	0	0	0	0	0	0	0	11	0	0	0	0	0
f7686a74ca2d3729eb66305e8a26309b	0	0	0	0	0	0	0	0	0	0	0	0	0	0	0	0	0	0	0	0	0	0	0	0	0	0	0	0	0	0	0	0	0	0	0	0	0	0	0	0	0	0	0	0	0	11	0	0
5e4405e37412f415c47c112a0cbc487a	0	0	0	0	0	0	0	0	0	0	0	0	0	0	0	0	0	0	0	0	0	0	0	0	0	0	0	0	0	0	0	0	0	0	0	0	0	0	0	0	0	0	0	0	0	6	5	0
2533b56a1ecff2168246fda4a098c359	0	0	0	0	0	0	0	0	0	0	0	0	0	10	0	0	0	0	0	0	0	0	0	0	0	0	0	0	0	0	0	0	0	0	0	0	0	0	0	0	0	0	0	0	0	0	0	0
7121132c894a196a69c89b56593e2f42	0	0	0	0	0	0	0	0	0	0	0	0	0	0	0	0	0	0	0	0	0	0	0	10	0	0	0	0	0	0	0	0	0	0	0	0	0	0	0	0	0	0	0	0	0	0	0	0
a6659d7332df023910005e4404ed1537	9	0	0	0	0	0	0	0	0	0	0	0	0	0	0	0	0	0	0	0	0	0	0	0	0	0	0	0	0	0	0	0	0	0	0	0	0	0	0	0	0	0	0	0	0	0	0	0
befc013dbb992bcc0bd2259369e43e1c	0	0	0	9	0	0	0	0	0	0	0	0	0	0	0	0	0	0	0	0	0	0	0	0	0	0	0	0	0	0	0	0	0	0	0	0	0	0	0	0	0	0	0	0	0	0	0	0
5a21785c07d7cc123256f09d00deec29	0	0	0	0	0	0	0	0	9	0	0	0	0	0	0	0	0	0	0	0	0	0	0	0	0	0	0	0	0	0	0	0	0	0	0	0	0	0	0	0	0	0	0	0	0	0	0	0
2c8df06d5a97923e31dd789f98eb1a63	0	0	0	0	0	0	0	0	0	4	0	0	5	0	0	0	0	0	0	0	0	0	0	0	0	0	0	0	0	0	0	0	0	0	0	0	0	0	0	0	0	0	0	0	0	0	0	0
4f6f2afb7adf1bb487b6a86b13022445	0	0	0	0	0	0	0	0	0	0	0	0	5	0	0	0	0	0	0	0	0	0	0	0	0	0	0	0	0	0	0	2	0	0	0	0	0	0	2	0	0	0	0	0	0	0	0	0
192522c9b7c41f7a761f8a2ba792268a	0	0	0	0	0	0	0	0	0	0	0	0	0	0	9	0	0	0	0	0	0	0	0	0	0	0	0	0	0	0	0	0	0	0	0	0	0	0	0	0	0	0	0	0	0	0	0	0
0cd78eb6a497778e4aa8878c10b6ae1f	0	0	0	0	0	0	0	0	0	0	0	0	0	0	0	0	0	0	0	0	2	0	0	0	0	0	0	0	0	0	0	3	0	0	0	0	0	0	0	0	0	0	0	0	4	0	0	0
f9b52205cb2d03153fd394a290212a10	0	0	0	0	0	0	0	0	0	0	0	0	0	0	0	0	0	0	0	0	0	0	0	0	9	0	0	0	0	0	0	0	0	0	0	0	0	0	0	0	0	0	0	0	0	0	0	0
ec81ef0caa9eecee1953c8786cadf859	0	0	0	0	0	0	0	0	0	0	0	0	0	0	0	0	0	0	0	0	0	0	0	0	0	0	9	0	0	0	0	0	0	0	0	0	0	0	0	0	0	0	0	0	0	0	0	0
b796b2132a5015f869c8b5ac44a0e2bf	0	0	0	0	0	0	0	0	0	0	0	0	0	0	0	0	0	0	0	0	0	0	0	0	0	0	0	0	0	0	0	9	0	0	0	0	0	0	0	0	0	0	0	0	0	0	0	0
138daeaeee1211d2a3d8502b8fe23b2a	0	0	0	0	0	0	0	0	0	0	0	0	0	0	0	8	0	0	0	0	0	0	0	0	0	0	0	0	0	0	0	0	0	0	0	0	0	0	0	0	0	0	0	0	0	0	0	0
a37623981468810a81c927dc4ee17ffb	0	0	0	0	0	0	0	0	0	0	0	0	0	0	0	0	0	0	0	0	0	0	0	8	0	0	0	0	0	0	0	0	0	0	0	0	0	0	0	0	0	0	0	0	0	0	0	0
538ea780b33d88cd63d1ea758db22977	0	0	0	0	0	0	0	0	0	0	0	0	0	0	0	0	0	0	0	0	0	0	0	0	0	0	0	0	8	0	0	0	0	0	0	0	0	0	0	0	0	0	0	0	0	0	0	0
b151fbf52e3c196ce4ffe9b4a3e9af14	0	0	0	0	0	0	0	0	0	0	0	0	0	0	0	0	0	0	0	0	0	0	0	0	0	0	0	0	0	0	0	0	0	0	0	0	8	0	0	0	0	0	0	0	0	0	0	0
db30159da101acf25749da5f2c25c3d0	0	0	0	0	0	0	0	0	0	0	0	0	0	0	0	0	0	0	0	0	0	0	0	0	0	0	0	0	0	0	0	0	0	0	0	0	0	8	0	0	0	0	0	0	0	0	0	0
fa6aacfaa894248eae0db0fa67161c63	0	7	0	0	0	0	0	0	0	0	0	0	0	0	0	0	0	0	0	0	0	0	0	0	0	0	0	0	0	0	0	0	0	0	0	0	0	0	0	0	0	0	0	0	0	0	0	0
8eef12dc7c7e72a840061732d0d24e79	0	0	0	0	0	0	0	0	0	0	0	0	0	0	7	0	0	0	0	0	0	0	0	0	0	0	0	0	0	0	0	0	0	0	0	0	0	0	0	0	0	0	0	0	0	0	0	0
2202ac9186c0d22170b44857b0fe3d69	0	6	0	0	0	0	0	0	0	0	0	0	0	0	0	0	0	0	0	0	0	0	0	0	0	0	0	0	0	0	0	0	0	0	0	0	0	0	0	0	0	0	0	0	0	0	0	0
9a382464e563efa49cd595a4906b1829	0	0	0	0	0	0	0	0	6	0	0	0	0	0	0	0	0	0	0	0	0	0	0	0	0	0	0	0	0	0	0	0	0	0	0	0	0	0	0	0	0	0	0	0	0	0	0	0
30518d68de113eaf45cdb3061f166cdc	0	0	0	0	0	0	0	0	0	0	6	0	0	0	0	0	0	0	0	0	0	0	0	0	0	0	0	0	0	0	0	0	0	0	0	0	0	0	0	0	0	0	0	0	0	0	0	0
c7252174b34bb4147e47bb6ca64771d9	0	0	0	0	0	0	0	0	0	0	0	6	0	0	0	0	0	0	0	0	0	0	0	0	0	0	0	0	0	0	0	0	0	0	0	0	0	0	0	0	0	0	0	0	0	0	0	0
bf55785556dcdf7f694a06d22b6396d3	0	0	0	0	0	0	0	0	0	0	0	0	6	0	0	0	0	0	0	0	0	0	0	0	0	0	0	0	0	0	0	0	0	0	0	0	0	0	0	0	0	0	0	0	0	0	0	0
d75b7080930e7a77ef3de8c6154895b9	0	0	0	0	0	0	0	0	0	0	0	0	0	6	0	0	0	0	0	0	0	0	0	0	0	0	0	0	0	0	0	0	0	0	0	0	0	0	0	0	0	0	0	0	0	0	0	0
85191b7c1f9aaf1e283e1f1a1a65c24f	0	0	0	0	0	0	0	0	0	0	0	0	0	0	0	0	0	0	0	0	0	6	0	0	0	0	0	0	0	0	0	0	0	0	0	0	0	0	0	0	0	0	0	0	0	0	0	0
cfc0fd7ddd3eced7ae052363112a8262	0	0	0	0	0	0	0	0	0	0	0	0	0	0	0	0	0	0	0	0	0	0	0	0	6	0	0	0	0	0	0	0	0	0	0	0	0	0	0	0	0	0	0	0	0	0	0	0
e974a2083d4f0afab694ff46eee1bd48	0	0	0	0	0	0	0	0	0	0	0	0	0	0	0	0	0	0	0	0	0	0	0	0	0	0	6	0	0	0	0	0	0	0	0	0	0	0	0	0	0	0	0	0	0	0	0	0
764bb70efe70ec930379806d178319cb	0	0	0	0	0	0	0	0	0	0	0	0	0	0	0	0	0	0	0	0	0	0	0	0	0	0	0	0	0	0	0	0	6	0	0	0	0	0	0	0	0	0	0	0	0	0	0	0
bf1396edf82991b9bf52261622d17abb	0	0	0	0	0	0	0	0	0	0	0	0	0	0	0	0	0	0	0	0	0	0	0	0	0	0	0	0	0	0	0	0	0	0	6	0	0	0	0	0	0	0	0	0	0	0	0	0
f7398eb0736dfa29ea77959c2747dca3	0	0	0	0	0	0	0	0	0	0	0	0	0	0	0	0	0	0	0	0	0	0	0	0	0	0	0	0	0	0	0	0	0	0	0	0	0	0	0	0	0	6	0	0	0	0	0	0
f738d6eb5441459c12e96023d56dafcf	0	0	0	0	5	0	0	0	0	0	0	0	0	0	0	0	0	0	0	0	0	0	0	0	0	0	0	0	0	0	0	0	0	0	0	0	0	0	0	0	0	0	0	0	0	0	0	0
e63f2823364ed803b356f6d3acf6d891	0	0	0	0	0	0	0	0	0	0	0	0	0	0	0	0	0	0	0	0	0	0	5	0	0	0	0	0	0	0	0	0	0	0	0	0	0	0	0	0	0	0	0	0	0	0	0	0
3c356228cf4b70f6df66ac1860909de3	0	0	0	0	0	0	0	0	0	0	0	0	0	0	0	0	0	0	0	0	0	0	0	0	0	5	0	0	0	0	0	0	0	0	0	0	0	0	0	0	0	0	0	0	0	0	0	0
85f14059723c0946eae19d3e3c16202b	0	0	0	0	0	0	0	0	0	0	0	0	0	0	0	0	0	0	0	0	0	0	0	0	0	0	0	0	0	0	0	0	0	0	0	0	0	0	5	0	0	0	0	0	0	0	0	0
2a5c24eea61883c4bf1be0450012f9c0	0	0	0	0	0	0	0	0	0	0	0	0	0	0	0	0	0	0	0	0	0	0	0	0	0	0	0	0	0	0	0	0	0	0	0	0	0	0	0	0	0	0	0	0	0	0	5	0
26fa605177eb658c8e289d52ace277a7	0	0	0	0	0	0	0	0	0	0	0	0	0	0	0	0	0	0	0	0	0	0	0	0	0	0	0	0	0	0	0	0	0	0	0	0	0	0	0	0	0	0	0	0	0	0	0	5
b28b7c4aa423791b12345b224c273cff	0	0	0	0	0	0	0	0	0	4	0	0	0	0	0	0	0	0	0	0	0	0	0	0	0	0	0	0	0	0	0	0	0	0	0	0	0	0	0	0	0	0	0	0	0	0	0	0
6c83fec6e8d03fad51eabc871853c991	0	0	0	0	0	0	0	0	0	0	0	0	0	0	0	0	0	4	0	0	0	0	0	0	0	0	0	0	0	0	0	0	0	0	0	0	0	0	0	0	0	0	0	0	0	0	0	0
400461d38827c504f2dd2c112593626b	0	0	0	0	0	0	0	0	0	0	0	0	0	0	0	0	0	4	0	0	0	0	0	0	0	0	0	0	0	0	0	0	0	0	0	0	0	0	0	0	0	0	0	0	0	0	0	0
1a285982a823e4cdbfa889bd75bad9f4	0	0	0	0	0	0	0	0	0	0	0	0	0	0	0	0	0	0	4	0	0	0	0	0	0	0	0	0	0	0	0	0	0	0	0	0	0	0	0	0	0	0	0	0	0	0	0	0
00c96206074c797a82c13cbde98a9c1f	0	0	0	0	0	0	0	0	0	0	0	0	0	0	0	0	0	0	0	0	0	0	4	0	0	0	0	0	0	0	0	0	0	0	0	0	0	0	0	0	0	0	0	0	0	0	0	0
34fb9d2f811d89f2dd3e4c1010c0b05f	0	0	0	0	0	0	0	0	0	0	0	0	0	0	0	0	0	0	0	0	0	0	0	0	0	0	0	0	0	0	0	4	0	0	0	0	0	0	0	0	0	0	0	0	0	0	0	0
3102da78db1878995c1d78694e891747	0	0	0	0	0	0	0	0	0	0	0	0	0	0	0	0	0	0	0	0	0	0	0	0	0	0	0	0	0	0	0	0	0	0	0	0	0	4	0	0	0	0	0	0	0	0	0	0
8123472fd61d87d8ed1151aec2b8153c	0	0	0	0	0	0	0	0	0	0	0	0	0	0	0	0	0	0	0	0	0	0	0	0	0	0	0	0	0	0	0	0	0	0	0	0	0	0	0	0	0	0	4	0	0	0	0	0
d26dded305818ce9a1664421274eb54f	0	0	0	0	0	0	0	0	0	0	0	0	0	0	0	0	0	0	0	0	0	0	0	0	0	0	0	0	0	0	0	0	0	0	0	0	0	0	0	0	0	0	0	0	4	0	0	0
2d60664d1df635112e5aaf4104956153	0	0	0	0	0	0	0	0	0	0	0	0	0	0	3	0	0	0	0	0	0	0	0	0	0	0	0	0	0	0	0	0	0	0	0	0	0	0	0	0	0	0	0	0	0	0	0	0
5ca08ce4794f764fd08364dd4d33f87a	0	0	0	0	0	0	0	0	0	0	0	0	0	0	3	0	0	0	0	0	0	0	0	0	0	0	0	0	0	0	0	0	0	0	0	0	0	0	0	0	0	0	0	0	0	0	0	0
1b2f5529d9e6e77cb51baba2afbe0316	0	0	0	0	0	0	0	0	0	0	0	0	0	0	0	0	0	0	0	3	0	0	0	0	0	0	0	0	0	0	0	0	0	0	0	0	0	0	0	0	0	0	0	0	0	0	0	0
675134da8455a96bd0232ad28cd9650b	0	0	0	0	0	0	0	0	0	0	0	0	0	0	0	0	0	0	0	0	0	3	0	0	0	0	0	0	0	0	0	0	0	0	0	0	0	0	0	0	0	0	0	0	0	0	0	0
aa7ed988149cb277fc815f00d7e36e0b	0	0	0	0	0	0	0	0	0	0	0	0	0	0	0	0	0	0	0	0	0	0	0	0	3	0	0	0	0	0	0	0	0	0	0	0	0	0	0	0	0	0	0	0	0	0	0	0
0c1012b02835602b17b5c366461212af	0	0	0	0	0	0	0	0	0	0	0	0	0	0	0	0	0	0	0	0	0	0	0	0	0	0	0	0	3	0	0	0	0	0	0	0	0	0	0	0	0	0	0	0	0	0	0	0
f2928e6d2d8b4c0768d206a97091cc87	0	0	0	0	0	0	0	0	0	0	0	0	0	0	0	0	0	0	0	0	0	0	0	0	0	0	0	0	0	0	3	0	0	0	0	0	0	0	0	0	0	0	0	0	0	0	0	0
12f2acd0d01fa4c1ca1c4e48cbfde367	0	0	0	0	0	0	0	0	0	0	0	0	0	0	0	0	0	0	0	0	0	0	0	0	0	0	0	0	0	0	0	3	0	0	0	0	0	0	0	0	0	0	0	0	0	0	0	0
1ac359b30bc1a7b2888f889f1f95dba8	0	0	0	0	0	0	0	0	0	0	0	0	0	0	0	0	0	0	0	0	0	0	0	0	0	0	0	0	0	0	0	0	0	0	3	0	0	0	0	0	0	0	0	0	0	0	0	0
47ad35356a9bfec68416d32e4f039021	0	0	0	0	0	0	0	0	0	0	0	0	0	0	0	0	0	0	0	0	0	0	0	0	0	0	0	0	0	0	0	0	0	0	0	3	0	0	0	0	0	0	0	0	0	0	0	0
77c3e4e153666ecd3d827a9d25a9ee08	0	0	0	0	0	0	0	0	0	0	0	0	0	0	0	0	0	0	0	0	0	0	0	0	0	0	0	0	0	0	0	0	0	0	0	0	0	0	0	0	0	0	3	0	0	0	0	0
009666b2d6d1f29e5f1151526037d804	0	0	0	0	0	0	0	0	0	0	0	0	0	0	0	0	0	0	0	0	0	0	0	0	0	0	0	0	0	0	0	0	0	0	0	0	0	0	0	0	0	0	3	0	0	0	0	0
07f183edd4e4d8aef1dcb2ab24dd7745	0	0	2	0	0	0	0	0	0	0	0	0	0	0	0	0	0	0	0	0	0	0	0	0	0	0	0	0	0	0	0	0	0	0	0	0	0	0	0	0	0	0	0	0	0	0	0	0
062765c2c058aba3e7b5f1fee1e92165	0	0	0	2	0	0	0	0	0	0	0	0	0	0	0	0	0	0	0	0	0	0	0	0	0	0	0	0	0	0	0	0	0	0	0	0	0	0	0	0	0	0	0	0	0	0	0	0
2ba0ba00d830d06fcd6dc1e58e97dae0	0	0	0	0	2	0	0	0	0	0	0	0	0	0	0	0	0	0	0	0	0	0	0	0	0	0	0	0	0	0	0	0	0	0	0	0	0	0	0	0	0	0	0	0	0	0	0	0
33031ae1345b6e5d6765be6c38bd25ff	0	0	0	0	0	2	0	0	0	0	0	0	0	0	0	0	0	0	0	0	0	0	0	0	0	0	0	0	0	0	0	0	0	0	0	0	0	0	0	0	0	0	0	0	0	0	0	0
3c36d60992e92b41a88053bddc96f1ef	0	0	0	0	0	2	0	0	0	0	0	0	0	0	0	0	0	0	0	0	0	0	0	0	0	0	0	0	0	0	0	0	0	0	0	0	0	0	0	0	0	0	0	0	0	0	0	0
bd0f4e14387ee1ac7e5fe586cadbbed4	0	0	0	0	0	0	0	0	0	0	2	0	0	0	0	0	0	0	0	0	0	0	0	0	0	0	0	0	0	0	0	0	0	0	0	0	0	0	0	0	0	0	0	0	0	0	0	0
23e5edb47f5a9a45adc62dc95d595ce6	0	0	0	0	0	0	0	0	0	0	0	2	0	0	0	0	0	0	0	0	0	0	0	0	0	0	0	0	0	0	0	0	0	0	0	0	0	0	0	0	0	0	0	0	0	0	0	0
37cb101e6da8067e39ec3d37b37fe584	0	0	0	0	0	0	0	0	0	0	0	0	0	0	2	0	0	0	0	0	0	0	0	0	0	0	0	0	0	0	0	0	0	0	0	0	0	0	0	0	0	0	0	0	0	0	0	0
b35bea03c065377ff1b2cda1c72e4bc8	0	0	0	0	0	0	0	0	0	0	0	0	0	0	0	2	0	0	0	0	0	0	0	0	0	0	0	0	0	0	0	0	0	0	0	0	0	0	0	0	0	0	0	0	0	0	0	0
8fe9306f9c749993b3ae825da7d495fa	0	0	0	0	0	0	0	0	0	0	0	0	0	0	0	0	0	0	2	0	0	0	0	0	0	0	0	0	0	0	0	0	0	0	0	0	0	0	0	0	0	0	0	0	0	0	0	0
4aab078a4c52e94b1546e5db43296332	0	0	0	0	0	0	0	0	0	0	0	0	0	0	0	0	0	0	0	0	0	2	0	0	0	0	0	0	0	0	0	0	0	0	0	0	0	0	0	0	0	0	0	0	0	0	0	0
f18940a3a0767fb127ae4958e5f95f13	0	0	0	0	0	0	0	0	0	0	0	0	0	0	0	0	0	0	0	0	0	2	0	0	0	0	0	0	0	0	0	0	0	0	0	0	0	0	0	0	0	0	0	0	0	0	0	0
4fc9fb2230388faadd0590cc83ac6ee4	0	0	0	0	0	0	0	0	0	0	0	0	0	0	0	0	0	0	0	0	0	2	0	0	0	0	0	0	0	0	0	0	0	0	0	0	0	0	0	0	0	0	0	0	0	0	0	0
91fedd0b17f197cf66e83b5ee34e022e	0	0	0	0	0	0	0	0	0	0	0	0	0	0	0	0	0	0	0	0	0	2	0	0	0	0	0	0	0	0	0	0	0	0	0	0	0	0	0	0	0	0	0	0	0	0	0	0
308cad2df21123dc55534f1716cecb7b	0	0	0	0	0	0	0	0	0	0	0	0	0	0	0	0	0	0	0	0	0	2	0	0	0	0	0	0	0	0	0	0	0	0	0	0	0	0	0	0	0	0	0	0	0	0	0	0
f880627bae09dd23b3d2dbaea262b59d	0	0	0	0	0	0	0	0	0	0	0	0	0	0	0	0	0	0	0	0	0	2	0	0	0	0	0	0	0	0	0	0	0	0	0	0	0	0	0	0	0	0	0	0	0	0	0	0
3e7ac3f162dd4a5d47e5821c65b09cda	0	0	0	0	0	0	0	0	0	0	0	0	0	0	0	0	0	0	0	0	0	2	0	0	0	0	0	0	0	0	0	0	0	0	0	0	0	0	0	0	0	0	0	0	0	0	0	0
379a89b0bd4e2f9aaabe6185351c9991	0	0	0	0	0	0	0	0	0	0	0	0	0	0	0	0	0	0	0	0	0	2	0	0	0	0	0	0	0	0	0	0	0	0	0	0	0	0	0	0	0	0	0	0	0	0	0	0
0fcef26f892f0b100a2f5f6acaabd363	0	0	0	0	0	0	0	0	0	0	0	0	0	0	0	0	0	0	0	0	0	2	0	0	0	0	0	0	0	0	0	0	0	0	0	0	0	0	0	0	0	0	0	0	0	0	0	0
33b601a7a8295e7a6c8f413504129220	0	0	0	0	0	0	0	0	0	0	0	0	0	0	0	0	0	0	0	0	0	2	0	0	0	0	0	0	0	0	0	0	0	0	0	0	0	0	0	0	0	0	0	0	0	0	0	0
6d1e63f2a24f42e45388c6104816ea74	0	0	0	0	0	0	0	0	0	0	0	0	0	0	0	0	0	0	0	0	0	0	2	0	0	0	0	0	0	0	0	0	0	0	0	0	0	0	0	0	0	0	0	0	0	0	0	0
3524cdab4b47955c4e4a861fe5605733	0	0	0	0	0	0	0	0	0	0	0	0	0	0	0	0	0	0	0	0	0	0	2	0	0	0	0	0	0	0	0	0	0	0	0	0	0	0	0	0	0	0	0	0	0	0	0	0
8677fc01f5578165f7c059b12414fdd4	0	0	0	0	0	0	0	0	0	0	0	0	0	0	0	0	0	0	0	0	0	0	2	0	0	0	0	0	0	0	0	0	0	0	0	0	0	0	0	0	0	0	0	0	0	0	0	0
8151fb9598d6ea8010ff1007a513b2a7	0	0	0	0	0	0	0	0	0	0	0	0	0	0	0	0	0	0	0	0	0	0	2	0	0	0	0	0	0	0	0	0	0	0	0	0	0	0	0	0	0	0	0	0	0	0	0	0
2c7ba0ec530cacd372a894e12b171df8	0	0	0	0	0	0	0	0	0	0	0	0	0	0	0	0	0	0	0	0	0	0	0	2	0	0	0	0	0	0	0	0	0	0	0	0	0	0	0	0	0	0	0	0	0	0	0	0
b43518df5514be29647a9cf28bd7e44d	0	0	0	0	0	0	0	0	0	0	0	0	0	0	0	0	0	0	0	0	0	0	0	0	0	0	0	0	0	0	0	0	2	0	0	0	0	0	0	0	0	0	0	0	0	0	0	0
43486346de8ae69c0601b0bd00344263	0	0	0	0	0	0	0	0	0	0	0	0	0	0	0	0	0	0	0	0	0	0	0	0	0	0	0	0	0	0	0	0	0	0	0	0	0	2	0	0	0	0	0	0	0	0	0	0
51a63d18809e04591820c7e3f3acf0b4	0	0	0	0	0	0	0	0	0	0	0	0	0	0	0	0	0	0	0	0	0	0	0	0	0	0	0	0	0	0	0	0	0	0	0	0	0	2	0	0	0	0	0	0	0	0	0	0
237135dc8b20f922cabee934f7d410a1	0	0	0	0	0	0	0	0	0	0	0	0	0	0	0	0	0	0	0	0	0	0	0	0	0	0	0	0	0	0	0	0	0	0	0	0	0	0	2	0	0	0	0	0	0	0	0	0
6aec5246e999efbc0cd2f45474ce27d4	0	0	0	0	0	0	0	0	0	0	0	0	0	0	0	0	0	0	0	0	0	0	0	0	0	0	0	0	0	0	0	0	0	0	0	0	0	0	0	0	0	0	0	0	0	0	2	0
591c9a8213b6f263549aa5e5897b16f3	0	0	0	0	0	0	0	0	0	0	0	0	0	0	0	0	0	0	0	0	0	0	0	0	0	0	0	0	0	0	0	0	0	0	0	0	0	0	0	0	0	0	0	0	0	0	2	0
